,bh_mass,bh_acc,stellar_mass,sfr,halo_mass,vel_disp
H1,228.61319885969752,141.97405646866702,0.6633514732908322,0.288986919456517,0.824575797832536,1.4043867786473543
H3,266.09818547251695,96.95008292888444,0.6295541501245672,0.08999594648560572,0.9255934213106591,1.499788080377341
H5,290.47865484927894,97.48536046589759,0.6861278722030882,0.06078288822085888,1.0908618585734207,1.546049159505206
