feature,delta_rmse
bh_mass,0.3462677001953125
bh_acc,0.0262603759765625
stellar_mass,0.0052032470703125
sfr,0.00058746337890625
halo_mass,0.00031280517578125
vel_disp,0.00012969970703125
