,bh_mass,bh_acc,stellar_mass,sfr,halo_mass,vel_disp
H1,12.578424,69.26108,0.029903313,0.015171264,0.0036691998,0.07312792
H3,32.2189,56.77003,0.09375222,0.021249903,0.010792666,0.03211299
H5,58.618095,76.69903,0.1783822,0.029230017,0.013458184,0.021957403
