,bh_mass,bh_acc,stellar_mass,sfr,halo_mass,vel_disp
H1,93.90036,149.57658,0.11681386,0.04275786,0.0033662706,0.0071508666
H3,114.691505,157.3254,0.33581415,0.060448095,0.011012415,0.012407076
H5,166.30078,164.61804,0.5665752,0.06397546,0.019163888,0.014506273
