,bh_mass,bh_acc,stellar_mass,sfr,halo_mass,vel_disp
H1,0.3178948716711999,1.1553959165891103,0.09332493350581857,0.5000236383927334,0.09122828072930818,0.20980893245347076
H3,0.3882822309068015,1.2152512427797748,0.26828865358154397,0.7068987174711175,0.2984441260092532,0.36402795857345155
H5,0.5630027948446678,1.2715828321044833,0.45264828048697175,0.7481488146752149,0.5193547287401733,0.4256191343310204
