Horizon,LSTM,Persistence,Ridge
H1,62.29475938293197,40.60784,13.660229
H3,61.03219999994994,45.4061,14.857806
H5,65.22463951561319,55.26384,22.593359
