,bh_mass,bh_acc,stellar_mass,sfr,halo_mass,vel_disp
H1,0.456114262342453,0.4378962516784668,0.13278605043888092,0.5635266304016113,0.23545151948928833,0.22632943093776703
H3,0.5764058828353882,0.5373771786689758,0.2619306445121765,0.4617272913455963,0.45161232352256775,0.3259536027908325
H5,0.5252811312675476,0.4976191222667694,0.2892118990421295,0.42636606097221375,0.6008531451225281,0.35401439666748047
