,bh_mass,bh_acc,stellar_mass,sfr,halo_mass,vel_disp
H1,0.7739583055256236,1.0966706492787148,0.5299647844515514,3.379502409955864,22.346579139318113,41.205200329113985
H3,0.900861812699386,0.7488854868122314,0.502963425732934,1.0524404308899065,25.084227180230148,44.004307960437984
H5,0.983400646243894,0.7530202081737366,0.5481613059429933,0.7108138929360037,29.56311708002052,45.36162423675657
