Horizon,LSTM,Persistence,Ridge
H1,62.29475938293197,40.60783814286667,13.660229282800003
H3,61.03219999994994,45.40609778933333,14.8578062965
H5,65.22463951561319,55.26384013683332,22.59335880066666
