,bh_mass,bh_acc,stellar_mass,sfr,halo_mass,vel_disp
H1,0.04258361185522548,0.5350033341486461,0.0238903559674227,0.1774174531722751,0.09943787329703127,2.145598804450193
H3,0.10907543997581289,0.438516917866696,0.07490052719362987,0.24850293755470132,0.29248877486725505,0.9422063823409854
H5,0.19844856598670338,0.592457362431643,0.14251311405702738,0.3418248586487128,0.36472617146663244,0.6442379001841031
