,bh_mass,bh_acc,stellar_mass,sfr,halo_mass,vel_disp
H1,0.033011406660079956,0.020150305703282356,0.10264934599399567,6.465689182281494,6.188579559326172,6.529058933258057
H3,0.0046348609030246735,0.011076977476477623,0.20248369872570038,5.297684192657471,11.870134353637695,9.402979850769043
H5,0.005330481566488743,0.009408967569470406,0.22357328236103058,4.891961574554443,15.792757034301758,10.212454795837402
