feature,effect
halo_mass,0.010336198844015598
sfr,0.008525918237864971
stellar_mass,0.0074598463252186775
bh_acc,0.007085003424435854
bh_mass,0.0070178392343223095
vel_disp,0.006757533177733421
