feature,delta_rmse_phys
vel_disp,8.544063091278076
halo_mass,6.935431957244873
sfr,1.6749696731567383
stellar_mass,0.011531352996826172
bh_acc,9.5367431640625e-07
bh_mass,0.0
